timestamp,pm2_5,pm10
1736704765,75,52
1736704766,81,93
1736704767,81,75
1736704767,57,163
1736704768,119,116
1736704769,27,73
1736704769,35,90
1736704770,7,101
1736704771,50,161
1736704771,35,50
1736704772,69,85
1736704773,69,182
1736704773,15,114
1736704774,129,112
1736704775,138,84
1736704775,145,189
1736704776,13,66
1736704777,8,166
1736704777,57,113
1736704778,67,39
1736704779,138,117
1736704779,32,174
1736704780,55,54
1736704781,141,125
1736704781,26,135
1736704782,9,31
1736704783,67,200
1736704783,124,141
1736704784,148,14
1736704785,55,48
1736704785,10,78
1736704786,66,190
1736704787,104,197
1736704788,105,108
1736704788,130,186
1736704789,88,136
1736704790,88,178
1736704790,140,96
1736704791,79,155
1736704792,129,86
1736704792,32,66
1736704793,64,55
1736704794,51,30
1736704794,83,140
1736704795,110,105
1736704796,121,141
1736704796,78,88
1736704797,84,159
1736704798,21,159
1736704798,87,165
1736704799,98,17
1736704800,13,90
1736704800,108,42
1736704801,114,148
1736704802,5,52
1736704802,106,144
1736704803,115,63
1736704804,87,30
1736704804,6,120
1736704805,17,75
1736704806,113,89
1736704806,8,114
1736704807,35,28
1736704808,46,52
1736704808,99,143
1736704809,14,151
1736704810,121,117
1736704810,37,99
1736704811,71,39
1736704812,116,38
1736704812,101,134
1736704813,67,58
1736704814,61,168
1736704814,68,164
1736704815,45,168
1736704816,87,191
1736704816,25,112
1736704817,87,25
1736704818,51,159
1736704818,104,95
1736704819,106,85
1736704820,115,145
1736704820,30,138
1736704821,101,110
1736704822,78,85
1736704822,38,72
1736704823,92,109
1736704824,6,52
1736704824,32,28
1736704825,59,31
1736704826,106,21
1736704826,126,97
1736704827,34,25
1736704828,149,177
1736704828,127,94
1736704829,57,69
1736704830,95,40
1736704830,143,100
1736704831,33,71
1736704832,22,76
1736704832,24,45
1736704833,19,108
1736704834,58,112
1736704834,68,156
1736704835,148,55
1736704836,21,55
1736704836,12,193
1736704837,7,131
1736704838,115,101
1736704838,106,18
1736704839,104,170
1736704840,61,172
1736704840,23,133
1736704841,78,60
1736704842,44,25
1736704842,17,193
1736704843,148,47
1736704844,39,122
1736704844,133,77
1736704845,127,146
1736704846,122,107
1736704846,80,144
1736704847,121,14
1736704848,39,64
1736704848,85,140
1736704849,23,95
1736704850,111,47
1736704850,14,128
1736704851,66,200
1736704852,83,143
1736704852,149,14
1736704853,82,141
1736704854,86,174
1736704854,23,155
1736704855,140,196
1736704856,79,133
1736704856,33,132
1736704857,44,184
1736704858,60,64
1736704858,131,113
1736704859,131,12
1736704860,54,14
1736704860,47,113
1736704861,130,46
1736704862,28,141
1736704862,150,123
1736704863,122,156
1736704864,127,45
1736704864,47,39
1736704865,37,128
1736704866,131,176
1736704866,120,163
1736704867,112,170
1736704868,83,18
1736704868,109,80
1736704869,18,56
1736704870,25,121
1736704870,16,157
1736704871,38,160
1736704872,110,49
1736704872,58,140
1736704873,7,13
1736704874,85,97
1736704874,59,43
1736704875,138,155
1736704876,105,63
1736704876,126,13
1736704877,37,200
1736704878,68,44
1736704878,78,31
1736704879,89,174
1736704880,59,179
1736704880,7,106
1736704881,137,192
1736704882,64,129
1736704882,101,177
1736704883,97,20
1736704884,17,72
1736704884,32,177
1736704885,91,200
1736704886,89,128
1736704886,105,66
1736704887,149,137
1736704888,81,84
1736704888,136,168
1736704889,17,19
1736704890,113,200
1736704890,135,63
1736704891,78,191
1736704892,21,147
1736704892,45,90
1736704893,101,190
1736704894,7,31
1736704894,109,180
1736704895,69,167
1736704896,10,145
1736704896,137,74
1736704897,49,40
1736704898,57,35
1736704898,35,140
1736704899,54,195
1736704900,20,18
1736704900,124,76
1736704901,76,68
1736704902,125,173
1736704902,60,148
1736704903,143,11
1736704904,150,72
1736704904,61,43
1736704905,34,98
1736704906,58,200
1736704906,20,125
1736704907,48,120
1736704908,18,122
1736704909,110,174
1736704909,28,131
1736704910,20,47
1736704911,57,147
1736704911,51,109
1736704912,13,78
1736704913,137,92
1736704913,117,108
1736704914,33,124
1736704915,131,192
1736704915,29,16
1736704916,106,158
1736704917,11,193
1736704917,73,158
1736704918,126,48
1736704919,104,85
1736704919,91,129
1736704920,19,106
1736704921,145,135
1736704921,62,15
1736704922,64,94
1736704923,70,110
1736704923,13,175
1736704924,63,11
1736704925,128,72
1736704925,12,79
1736704926,145,196
1736704927,95,145
1736704927,72,119
1736704928,65,101
1736704929,124,93
1736704929,60,70
1736704930,84,11
1736704931,68,143
1736704931,62,107
1736704932,49,104
1736704933,29,79
1736704933,24,143
1736704934,89,184
1736704935,136,111
1736704935,97,125
1736704936,81,118
1736704937,119,147
1736704937,81,112
1736704938,50,176
1736704939,83,81
1736704939,11,188
1736704940,137,181
1736704941,55,14
1736704941,67,64
1736704942,61,125
1736704943,146,188
1736704943,144,90
1736704944,82,52
1736704945,20,152
1736704945,99,19
1736704946,33,29
1736704947,21,65
1736704947,43,105
1736704948,85,93
1736704949,13,191
1736704949,110,145
1736704950,30,94
1736704951,9,84
1736704951,29,130
1736704952,92,79
1736704953,36,75
1736704953,15,103
1736704954,149,146
1736704955,37,50
1736704955,143,143
1736704956,27,191
1736704957,44,141
1736704957,38,82
1736704958,120,150
1736704959,21,169
1736704959,141,49
1736704960,53,135
1736704961,112,127
1736704961,76,161
1736704962,53,139
1736704963,67,165
1736704963,131,170
1736704964,115,76
1736704965,146,130
1736704965,149,77
1736704966,34,143
1736704967,82,137
1736704967,128,31
1736704968,62,162
1736704969,52,78
1736704969,137,128
1736704970,140,141
1736704971,39,191
1736704971,8,77
1736704972,114,60
1736704973,81,98
1736704973,144,121
1736704974,19,41
1736704975,147,131
1736704975,138,129
1736704976,70,39
1736704977,78,106
1736704977,82,12
1736704978,147,12
1736704979,128,51
1736704979,136,14
1736704980,12,90
1736704981,90,103
1736704981,104,153
1736704982,10,19
1736704983,38,100
1736704983,149,86
1736704984,149,69
1736704985,118,77
1736704985,138,39
1736704986,81,59
1736704987,80,45
1736704987,50,128
1736704988,118,70
1736704989,127,166
1736704989,94,41
1736704990,114,74
1736704991,102,42
1736704991,11,181
1736704992,27,48
1736704993,57,189
1736704993,56,157
1736704994,121,162
1736704995,6,199
1736704995,109,70
1736704996,30,120
1736704997,104,34
1736704997,41,127
1736704998,79,20
1736704999,63,34
1736704999,22,153
1736705000,72,185
1736705001,15,114
1736705001,144,113
1736705002,96,170
1736705003,61,118
1736705003,131,130
1736705004,128,47
1736705005,150,61
1736705005,55,28
1736705006,52,152
1736705007,53,91
1736705007,116,40
1736705008,47,128
1736705009,136,10
1736705009,47,53
1736705010,28,154
1736705011,121,122
1736705011,114,83
1736705012,69,62
1736705013,101,13
1736705013,24,19
1736705014,33,196
1736705015,46,69
1736705015,119,34
1736705016,106,136
1736705017,109,160
1736705017,149,68
1736705018,137,193
1736705019,141,165
1736705019,69,69
1736705020,87,177
1736705021,88,36
1736705021,74,177
1736705022,129,58
1736705023,101,165
1736705023,52,184
1736705024,135,76
1736705025,57,12
1736705025,35,101
1736705026,33,76
1736705027,124,90
1736705028,81,25
1736705028,45,173
1736705029,13,41
1736705030,31,36
1736705030,92,160
1736705031,35,170
1736705032,114,156
1736705032,150,178
1736705033,59,121
1736705034,133,19
1736705034,37,126
1736705035,132,145
1736705036,83,11
1736705036,87,106
1736705037,118,53
1736705038,126,133
1736705038,142,42
1736705039,30,103
1736705040,19,66
1736705040,91,92
1736705041,19,91
1736705042,120,94
1736705042,140,73
1736705043,52,100
1736705044,33,156
1736705044,115,71
1736705045,23,19
1736705046,59,44
1736705046,119,140
1736705047,100,58
1736705048,136,156
1736705048,53,79
1736705049,46,41
1736705050,53,181
1736705050,64,187
1736705051,81,118
1736705052,74,130
1736705052,127,12
1736705053,145,188
1736705054,79,170
1736705054,35,194
1736705055,15,157
1736705056,73,180
1736705056,33,132
1736705057,45,167
1736705058,66,160
1736705058,109,89
1736705059,7,182
1736705060,57,55
1736705060,36,177
1736705061,105,132
1736705062,93,112
1736705062,150,29
1736705063,46,29
1736705064,9,30
1736705064,38,173
1736705065,7,114
1736705066,131,107
1736705066,48,171
1736705067,42,144
1736705068,143,94
1736705068,38,190
1736705069,112,133
1736705070,54,147
1736705070,83,158
1736705071,143,134
1736705072,127,62
1736705072,137,149
1736705073,36,174
1736705074,62,142
1736705074,27,145
1736705075,12,13
1736705076,108,143
1736705076,15,13
1736705077,140,14
1736705078,14,87
1736705078,81,61
1736705079,73,79
1736705080,136,195
1736705080,96,134
1736705081,124,15
1736705082,9,180
1736705082,132,93
1736705083,108,32
1736705084,143,64
1736705084,78,29
1736705085,26,67
1736705086,46,153
1736705086,87,124
1736705087,21,180
1736705088,11,79
1736705088,15,168
1736705089,149,151
1736705090,81,32
1736705090,47,143
1736705091,60,90
1736705092,56,69
1736705092,80,143
1736705093,140,112
1736705094,92,149
1736705094,45,70
1736705095,11,149
1736705096,28,98
1736705096,103,56
1736705097,21,65
1736705098,5,180
1736705098,50,102
1736705099,149,198
1736705100,148,128
1736705100,100,178
1736705101,60,24
1736705102,72,64
1736705102,41,130
1736705103,54,131
1736705104,92,115
1736705104,25,87
1736705105,138,61
1736705106,117,51
1736705106,101,180
1736705107,47,23
1736705108,101,125
1736705108,105,40
1736705109,110,22
1736705110,80,29
1736705110,21,123
1736705111,71,132
1736705112,63,148
1736705112,23,72
1736705113,28,22
1736705114,53,149
1736705114,62,54
1736705115,89,56
1736705116,123,155
1736705116,48,20
1736705117,16,70
1736705118,6,31
1736705118,107,165
1736705119,132,15
1736705120,13,50
1736705120,12,87
1736705121,148,157
1736705122,140,29
1736705122,79,45
1736705123,19,170
1736705124,127,122
1736705124,76,94
1736705125,20,115
1736705126,134,90
1736705126,97,77
1736705127,35,125
1736705128,54,69
1736705128,55,128
1736705129,110,157
1736705130,97,128
1736705130,121,68
1736705131,14,106
1736705132,114,29
1736705132,19,148
1736705133,148,85
1736705134,21,137
1736705134,66,83
1736705135,37,131
1736705136,124,20
1736705136,118,18
1736705137,23,14
1736705138,13,104
1736705138,109,113
1736705139,50,74
1736705140,32,102
1736705140,111,111
1736705141,73,173
1736705142,123,187
1736705142,124,90
1736705143,80,105
1736705144,62,197
1736705144,88,187
1736705145,46,117
1736705146,60,97
1736705146,40,196
1736705147,75,20
1736705148,76,84
1736705149,131,44
1736705149,123,61
1736705150,38,197
1736705151,89,106
1736705151,148,192
1736705152,103,182
1736705153,130,42
1736705153,101,46
1736705154,102,52
1736705155,117,23
1736705155,146,57
1736705156,36,149
1736705157,17,50
1736705157,45,103
1736705158,43,20
1736705159,110,91
1736705159,40,19
1736705160,86,119
1736705161,75,165
1736705161,76,140
1736705162,81,40
1736705163,66,140
1736705163,98,119
1736705164,18,131
1736705165,76,146
1736705165,34,172
1736705166,85,60
1736705167,119,80
1736705167,87,29
1736705168,105,132
1736705169,115,184
1736705169,123,15
1736705170,23,156
1736705171,138,61
1736705171,34,68
1736705172,37,181
1736705173,114,87
1736705173,90,48
1736705174,37,102
1736705175,6,62
1736705175,125,182
1736705176,123,122
1736705177,100,176
1736705177,13,117
1736705178,8,84
1736705179,142,72
1736705179,106,162
1736705180,59,131
1736705181,32,27
1736705181,50,10
1736705182,119,77
1736705183,111,34
1736705183,79,53
1736705184,38,194
1736705185,97,151
1736705185,49,63
1736705186,19,110
1736705187,25,57
1736705187,45,160
1736705188,75,35
1736705189,11,38
1736705189,119,82
1736705190,53,96
1736705191,47,156
1736705191,149,122
1736705192,58,28
1736705193,36,152
1736705193,40,27
1736705194,148,73
1736705195,66,143
1736705195,87,94
1736705196,22,33
1736705197,95,163
1736705197,97,26
1736705198,149,99
1736705199,148,159
1736705199,25,78
1736705200,123,141
1736705201,16,10
1736705201,57,89
1736705202,140,65
1736705203,80,124
1736705203,55,101
1736705204,70,200
1736705205,5,182
1736705205,97,176
1736705206,150,44
1736705207,112,54
1736705207,34,76
1736705208,106,195
1736705209,126,112
1736705209,148,59
1736705210,18,126
1736705211,126,182
1736705211,30,37
1736705212,50,54
1736705213,18,76
1736705213,21,30
1736705214,138,152
1736705215,5,152
1736705215,85,190
1736705216,113,27
1736705217,97,98
1736705217,120,177
1736705218,109,43
1736705219,95,112
1736705219,34,62
1736705220,147,38
1736705221,125,194
1736705221,24,74
1736705222,121,126
1736705223,71,98
1736705223,51,16
1736705224,47,116
1736705225,76,131
1736705225,91,195
1736705226,125,41
1736705227,93,112
1736705227,118,67
1736705228,125,162
1736705229,120,53
1736705229,58,104
1736705230,44,138
1736705231,61,78
1736705231,74,50
1736705232,54,22
1736705233,79,65
1736705233,93,68
1736705234,27,39
1736705235,25,81
1736705235,29,110
1736705236,139,102
1736705237,7,10
1736705237,141,195
1736705238,53,94
1736705239,139,105
1736705239,132,64
1736705240,79,76
1736705241,40,112
1736705241,38,102
1736705242,121,21
1736705243,8,30
1736705243,69,77
1736705244,134,173
1736705245,81,145
1736705245,52,193
1736705246,9,33
1736705247,19,135
1736705247,98,176
1736705248,62,155
1736705249,79,27
1736705249,91,125
1736705250,70,23
1736705251,40,194
1736705251,121,148
1736705252,113,108
1736705253,62,12
1736705253,78,81
1736705254,134,94
1736705255,106,101
1736705255,41,167
1736705256,103,89
1736705257,129,137
1736705257,130,182
1736705258,10,97
1736705259,124,15
1736705259,117,107
1736705260,135,62
1736705261,128,13
1736705261,78,91
1736705262,80,133
1736705263,109,25
1736705263,126,89
1736705264,32,146
1736705265,9,83
1736705265,131,192
1736705266,111,65
1736705267,59,197
1736705268,133,130
1736705268,67,61
1736705269,111,199
1736705270,10,69
1736705270,102,103
1736705271,123,83
1736705272,38,173
1736705272,74,184
1736705273,45,139
1736705274,43,186
1736705274,7,77
1736705275,106,122
1736705276,8,169
1736705276,131,131
1736705277,9,151
1736705278,50,186
1736705278,6,118
1736705279,79,77
1736705280,126,10
1736705280,71,15
1736705281,109,23
1736705282,122,27
1736705282,83,196
1736705283,87,108
1736705284,41,41
1736705284,87,42
1736705285,29,167
1736705286,115,195
1736705286,45,46
1736705287,28,138
1736705288,126,164
1736705288,117,175
1736705289,102,184
1736705290,100,44
1736705290,65,56
1736705291,100,29
1736705292,150,195
1736705292,150,81
1736705293,94,64
1736705294,63,184
1736705294,128,45
1736705295,130,123
1736705296,77,26
1736705296,19,13
1736705297,31,44
1736705298,45,156
1736705298,129,39
1736705299,50,29
1736705300,95,24
1736705300,12,159
1736705301,102,87
1736705302,23,182
1736705302,70,161
1736705303,90,95
1736705304,109,53
1736705304,114,131
1736705305,38,13
1736705306,25,80
1736705306,62,164
1736705307,37,147
1736705308,47,83
1736705308,64,191
1736705309,72,99
1736705310,100,64
1736705310,12,123
1736705311,45,106
1736705312,79,191
1736705312,127,54
1736705313,31,186
1736705314,38,191
1736705314,20,163
1736705315,47,33
1736705316,5,60
1736705316,22,157
1736705317,41,168
1736705318,128,121
1736705318,115,58
1736705319,142,191
1736705320,86,20
1736705320,60,95
1736705321,106,193
1736705322,12,187
1736705322,85,163
1736705323,64,143
1736705324,123,62
1736705324,34,165
1736705325,113,64
1736705326,48,16
1736705326,51,128
1736705327,81,118
1736705328,37,30
1736705328,148,45
1736705329,11,150
1736705330,23,189
1736705330,121,70
1736705331,141,103
1736705332,92,50
1736705332,90,155
1736705333,117,111
1736705334,143,88
1736705334,135,167
1736705335,72,159
1736705336,145,108
1736705336,52,178
1736705337,48,21
1736705338,128,75
1736705338,101,21
1736705339,42,104
1736705340,34,133
1736705340,21,173
1736705341,145,23
1736705342,75,26
1736705342,76,81
1736705343,12,109
1736705344,90,50
1736705344,76,18
1736705345,31,185
1736705346,54,71
1736705346,38,48
1736705347,36,97
1736705348,39,128
1736705348,145,189
1736705349,68,110
1736705350,14,96
1736705350,34,93
1736705351,58,194
1736705352,80,89
1736705352,47,96
1736705353,60,106
1736705354,89,82
1736705354,5,129
1736705355,74,188
1736705356,85,180
1736705356,78,136
1736705357,150,78
1736705358,89,20
1736705358,31,149
1736705359,77,16
1736705360,66,96
1736705360,6,156
1736705361,71,47
1736705362,52,135
1736705362,146,53
1736705363,7,124
1736705364,94,103
1736705364,146,65
1736705365,38,178
1736705366,62,143
1736705366,109,114
1736705367,113,119
1736705368,25,23
1736705368,14,13
1736705369,110,143
1736705370,8,168
1736705370,111,85
1736705371,16,19
1736705372,28,40
1736705372,35,72
1736705373,76,114
1736705374,17,151
1736705374,48,46
1736705375,104,200
1736705376,84,80
1736705376,34,75
1736705377,142,100
1736705378,19,156
1736705378,141,26
1736705379,16,115
1736705380,98,184
1736705380,28,125
1736705381,111,50
1736705382,146,89
1736705382,74,192
1736705383,44,121
1736705384,64,108
1736705384,136,19
1736705385,40,169
1736705386,7,92
1736705386,6,29
1736705387,78,155
1736705388,5,129
1736705389,28,93
1736705389,10,144
1736705390,66,123
1736705391,69,126
1736705391,150,80
1736705392,31,46
1736705393,144,30
1736705393,82,110
1736705394,144,80
1736705395,137,75
1736705395,78,138
1736705396,106,154
1736705397,125,158
1736705397,27,147
1736705398,67,158
1736705399,22,42
1736705399,43,155
1736705400,11,48
1736705401,75,92
1736705401,37,197
1736705402,44,83
1736705403,127,126
1736705403,147,37
1736705404,118,33
1736705405,47,19
1736705405,70,131
1736705406,133,40
1736705407,141,174
1736705407,30,198
1736705408,71,24
1736705409,104,112
1736705409,127,18
1736705410,8,100
1736705411,94,150
1736705411,115,187
1736705412,67,151
1736705413,59,11
1736705413,43,52
1736705414,138,35
1736705415,101,74
1736705415,143,14
1736705416,113,110
1736705417,142,50
1736705417,30,73
1736705418,71,177
1736705419,16,196
1736705419,121,43
1736705420,103,121
1736705421,150,153
1736705421,61,190
1736705422,23,98
1736705423,97,80
1736705423,85,196
1736705424,26,47
1736705425,108,145
1736705425,5,42
1736705426,47,59
1736705427,136,81
1736705427,130,63
1736705428,122,163
1736705429,23,42
1736705429,39,47
1736705430,52,167
1736705431,130,108
1736705431,140,105
1736705432,33,64
1736705433,56,100
1736705433,65,149
1736705434,61,33
1736705435,52,133
1736705435,34,178
1736705436,84,70
1736705437,94,114
1736705437,8,30
1736705438,37,85
1736705439,148,147
1736705439,113,55
1736705440,7,174
1736705441,87,100
1736705441,61,119
1736705442,114,152
1736705443,59,149
1736705443,120,25
1736705444,39,92
1736705445,128,97
1736705445,119,192
1736705446,24,178
1736705447,58,165
1736705447,26,103
1736705448,34,117
1736705449,64,136
1736705449,132,99
1736705450,64,43
1736705451,125,17
1736705451,86,197
1736705452,135,47
1736705453,47,98
1736705453,30,48
1736705454,59,33
1736705455,130,87
1736705455,135,19
1736705456,81,152
1736705457,81,108
1736705457,31,55
1736705458,8,62
1736705459,130,131
1736705459,108,32
1736705460,100,101
1736705461,64,104
1736705461,41,107
1736705462,46,116
1736705463,43,160
1736705463,109,49
1736705464,51,163
1736705465,65,32
1736705465,115,18
1736705466,70,71
1736705467,134,78
1736705467,27,121
1736705468,51,108
1736705469,50,85
1736705469,132,68
1736705470,5,193
1736705471,38,141
1736705471,128,31
1736705472,15,106
1736705473,59,27
1736705473,88,106
1736705474,120,132
1736705475,146,66
1736705475,23,61
1736705476,70,41
1736705477,85,60
1736705477,27,32
1736705478,66,141
1736705479,141,165
1736705479,35,48
1736705480,44,144
1736705481,137,113
1736705481,44,141
1736705482,18,47
1736705483,24,42
1736705483,38,26
1736705484,52,155
1736705485,17,77
1736705485,51,153
1736705486,22,52
1736705487,85,97
1736705487,34,64
1736705488,48,166
1736705489,150,115
1736705489,106,22
1736705490,10,160
1736705491,16,152
1736705491,107,168
1736705492,101,39
1736705493,63,92
1736705493,20,195
1736705494,7,101
1736705495,122,158
1736705495,44,41
1736705496,79,165
1736705497,29,198
1736705497,22,146
1736705498,36,15
1736705499,83,30
1736705499,96,45
1736705500,130,39
1736705501,88,116
1736705501,35,78
1736705502,61,37
1736705503,81,65
1736705503,35,40
1736705504,84,194
1736705505,137,102
1736705505,14,71
1736705506,106,25
1736705507,147,21
1736705507,77,132
1736705508,49,71
1736705509,143,200
1736705510,92,174
1736705510,22,143
1736705511,127,56
1736705512,122,162
1736705512,59,117
1736705513,74,199
1736705514,17,60
1736705514,31,99
1736705515,15,65
1736705516,16,63
1736705516,111,49
1736705517,105,58
1736705518,30,72
1736705518,129,113
1736705519,26,139
1736705520,81,100
1736705520,46,184
1736705521,67,52
1736705522,129,92
1736705522,110,14
1736705523,63,67
1736705524,88,108
1736705524,49,179
1736705525,25,200
1736705526,114,99
1736705526,41,76
1736705527,43,80
1736705528,100,170
1736705528,61,42
1736705529,25,21
1736705530,125,45
1736705530,24,51
1736705531,29,58
1736705532,72,115
1736705532,122,78
1736705533,19,56
1736705534,100,142
1736705534,8,52
1736705535,6,52
1736705536,73,171
1736705536,48,169
1736705537,82,82
1736705538,67,188
1736705538,41,67
1736705539,59,30
1736705540,150,166
1736705540,75,141
1736705541,31,91
1736705542,11,194
1736705542,113,110
1736705543,85,106
1736705544,35,127
1736705544,101,46
1736705545,15,80
1736705546,23,48
1736705546,53,123
1736705547,79,177
1736705548,25,32
1736705548,105,72
1736705549,108,112
1736705550,40,18
1736705550,32,132
1736705551,5,78
1736705552,67,41
1736705552,31,172
1736705553,36,190
1736705554,113,148
1736705554,11,95
1736705555,35,95
1736705556,81,35
1736705556,135,112
1736705557,65,35
1736705558,122,36
1736705558,60,197
1736705559,104,154
1736705560,64,15
1736705560,92,127
1736705561,97,143
1736705562,139,18
1736705562,117,74
1736705563,72,97
1736705564,140,103
1736705564,69,77
1736705565,137,146
1736705566,9,159
1736705566,82,92
1736705567,105,68
1736705568,76,178
1736705568,145,97
1736705569,5,114
1736705570,50,141
1736705570,129,57
1736705571,37,138
1736705572,8,90
1736705572,103,146
1736705573,32,153
1736705574,117,82
1736705574,16,30
1736705575,77,139
1736705576,59,186
1736705576,66,134
1736705577,137,64
1736705578,112,47
1736705578,49,10
1736705579,119,79
1736705580,78,34
1736705580,87,101
1736705581,36,21
1736705582,92,71
1736705582,123,188
1736705583,43,101
1736705584,46,138
1736705584,32,178
1736705585,82,111
1736705586,128,189
1736705586,19,137
1736705587,61,16
1736705588,9,163
1736705588,84,160
1736705589,96,99
1736705590,60,40
1736705590,91,52
1736705591,32,75
1736705592,126,42
1736705592,18,51
1736705593,126,159
1736705594,106,88
1736705594,91,111
1736705595,82,85
1736705596,43,31
1736705596,62,39
1736705597,67,85
1736705598,69,71
1736705598,66,162
1736705599,91,14
1736705600,98,38
1736705600,90,169
1736705601,21,62
1736705602,139,38
1736705602,54,34
1736705603,29,173
1736705604,43,141
1736705604,52,126
1736705605,10,184
1736705606,110,44
1736705606,111,127
1736705607,94,71
1736705608,123,141
1736705608,20,107
1736705609,63,160
1736705610,7,52
1736705610,126,95
1736705611,121,57
1736705612,41,88
1736705612,135,15
1736705613,47,106
1736705614,108,35
1736705614,133,26
1736705615,147,103
1736705616,20,14
1736705616,113,30
1736705617,137,167
1736705618,63,92
1736705618,146,122
1736705619,106,165
1736705620,52,183
1736705620,70,126
1736705621,45,112
1736705622,88,190
1736705622,67,110
1736705623,99,189
1736705624,97,149
1736705624,119,25
1736705625,22,46
1736705626,113,161
1736705626,38,12
1736705627,57,24
1736705628,148,68
1736705628,89,89
1736705629,48,133
1736705630,81,86
1736705631,120,118
1736705631,35,29
1736705632,138,127
1736705633,125,136
1736705633,121,197
1736705634,94,96
1736705635,143,37
1736705635,132,118
1736705636,69,134
1736705637,59,131
1736705637,68,182
1736705638,86,183
1736705639,115,54
1736705639,8,94
1736705640,135,35
1736705641,115,137
1736705641,141,187
1736705642,80,11
1736705643,106,24
1736705643,112,136
1736705644,78,194
1736705645,82,18
1736705645,98,41
1736705646,64,109
1736705647,64,154
1736705647,95,99
1736705648,65,89
1736705649,100,187
1736705649,72,25
1736705650,137,44
1736705651,21,94
1736705651,139,176
1736705652,41,35
1736705653,40,137
1736705653,78,195
1736705654,67,183
1736705655,56,28
1736705655,37,160
1736705656,29,16
1736705657,88,41
1736705657,141,134
1736705658,37,84
1736705659,86,37
1736705659,143,48
1736705660,28,64
1736705661,144,197
1736705661,132,167
1736705662,81,102
1736705663,90,19
1736705663,38,59
1736705664,19,28
1736705665,36,61
1736705665,81,176
1736705666,79,126
1736705667,84,190
1736705667,57,74
1736705668,10,32
1736705669,71,86
1736705669,49,194
1736705670,112,116
1736705671,56,179
1736705671,140,67
1736705672,26,66
1736705673,93,189
1736705673,9,104
1736705674,43,107
1736705675,48,100
1736705675,78,70
1736705676,129,82
1736705677,41,93
1736705677,76,154
1736705678,40,20
1736705679,133,158
1736705679,91,196
1736705680,133,157
1736705681,125,25
1736705681,55,62
1736705682,142,92
1736705683,125,153
1736705683,35,145
1736705684,94,62
1736705685,127,15
1736705685,67,152
1736705686,134,131
1736705687,81,55
1736705687,55,85
1736705688,8,61
1736705689,42,42
1736705689,60,188
1736705690,99,180
1736705691,65,38
1736705691,117,49
1736705692,140,56
1736705693,147,160
1736705693,77,175
1736705694,62,57
1736705695,113,48
1736705695,127,118
1736705696,43,172
1736705697,123,74
1736705697,26,13
1736705698,86,133
1736705699,116,144
1736705699,139,128
1736705700,56,81
1736705701,51,32
1736705701,49,23
1736705702,99,121
1736705703,85,179
1736705703,141,99
1736705704,86,159
1736705705,127,119
1736705705,138,143
1736705706,87,179
1736705707,109,172
1736705707,30,68
1736705708,40,112
1736705709,107,102
1736705709,54,11
1736705710,66,25
1736705711,15,136
1736705711,143,110
1736705712,113,106
1736705713,70,185
1736705713,70,67
1736705714,38,45
1736705715,11,11
1736705715,112,164
1736705716,119,23
1736705717,35,39
1736705717,106,38
1736705718,33,169
1736705719,16,114
1736705719,136,134
1736705720,38,55
1736705721,25,150
1736705721,92,28
1736705722,22,129
1736705723,86,44
1736705723,49,45
1736705724,137,25
1736705725,37,175
1736705725,93,178
1736705726,78,15
1736705727,49,168
1736705727,48,152
1736705728,14,70
1736705729,54,148
1736705729,111,17
1736705730,57,110
1736705731,43,76
1736705731,115,14
1736705732,132,12
1736705733,46,44
1736705733,49,126
1736705734,75,110
1736705735,53,83
1736705735,78,193
1736705736,26,83
1736705737,72,83
1736705737,149,28
1736705738,130,133
1736705739,104,103
1736705739,139,10
1736705740,95,110
1736705741,70,52
1736705741,41,173
1736705742,122,70
1736705743,28,79
1736705743,12,39
1736705744,148,197
1736705745,28,175
1736705745,146,193
1736705746,144,175
1736705747,111,50
1736705747,62,42
1736705748,7,24
1736705749,92,18
1736705749,142,73
1736705750,107,92
1736705751,21,168
1736705752,107,18
1736705752,20,187
1736705753,125,192
1736705754,96,199
1736705754,131,138
1736705755,21,118
1736705756,64,50
1736705756,51,179
1736705757,133,195
1736705758,37,110
1736705758,8,142
1736705759,14,129
1736705760,36,106
1736705760,10,66
1736705761,25,189
1736705762,14,42
1736705762,120,162
1736705763,8,184
1736705764,33,42
1736705764,47,67
1736705765,37,70
1736705766,137,89
1736705766,86,21
1736705767,12,75
1736705768,69,64
1736705768,138,57
1736705769,54,162
1736705770,142,143
1736705770,112,44
1736705771,65,82
1736705772,134,50
1736705772,105,148
1736705773,140,64
1736705774,74,16
1736705774,27,179
1736705775,62,66
1736705776,130,90
1736705776,22,25
1736705777,53,141
1736705778,142,168
1736705778,103,28
1736705779,38,20
1736705780,130,189
1736705780,107,121
1736705781,55,93
1736705782,127,28
1736705782,78,62
1736705783,119,155
1736705784,10,19
1736705784,90,171
1736705785,41,91
1736705786,43,132
1736705786,122,174
1736705787,45,184
1736705788,15,43
1736705788,11,63
1736705789,126,146
1736705790,33,68
1736705790,14,87
1736705791,79,116
1736705792,5,57
1736705792,147,79
1736705793,30,126
1736705794,105,177
1736705794,42,185
1736705795,36,80
1736705796,55,10
1736705796,116,144
1736705797,81,162
1736705798,20,140
1736705798,52,156
1736705799,149,147
1736705800,128,73
1736705800,21,78
1736705801,45,115
1736705802,128,166
1736705802,144,89
1736705803,28,72
1736705804,132,153
1736705804,140,25
1736705805,46,44
1736705806,16,185
1736705806,12,52
1736705807,138,40
1736705808,147,122
1736705808,72,13
1736705809,123,141
1736705810,150,93
1736705810,49,69
1736705811,63,81
1736705812,18,35
1736705812,75,105
1736705813,117,193
1736705814,94,72
1736705814,10,90
1736705815,45,155
1736705816,45,41
1736705816,23,98
1736705817,101,82
1736705818,125,68
1736705818,112,150
1736705819,14,116
1736705820,126,105
1736705820,112,29
1736705821,85,133
1736705822,73,174
1736705822,13,87
1736705823,142,143
1736705824,39,190
1736705824,136,199
1736705825,101,185
1736705826,120,74
1736705826,19,61
1736705827,58,13
1736705828,62,141
1736705828,132,66
1736705829,79,71
1736705830,7,154
1736705830,64,93
1736705831,86,177
1736705832,143,15
1736705832,36,16
1736705833,75,156
1736705834,67,55
1736705834,121,178
1736705835,105,199
1736705836,23,101
1736705836,148,22
1736705837,112,27
1736705838,35,13
1736705838,107,49
1736705839,59,86
1736705840,127,113
1736705840,113,147
1736705841,55,177
1736705842,24,52
1736705842,102,190
1736705843,69,61
1736705844,144,88
1736705844,97,58
1736705845,45,187
1736705846,131,74
1736705846,97,199
1736705847,83,163
1736705848,50,55
1736705848,50,94
1736705849,97,155
1736705850,61,49
1736705850,69,80
1736705851,106,178
1736705852,112,129
1736705852,149,198
1736705853,111,50
1736705854,74,147
1736705854,28,32
1736705855,126,104
1736705856,114,133
1736705856,46,13
1736705857,13,102
1736705858,105,89
1736705858,47,187
1736705859,96,14
1736705860,15,194
1736705860,66,48
1736705861,137,13
1736705862,72,121
1736705862,17,164
1736705863,126,199
1736705864,139,34
1736705864,46,125
1736705865,79,185
1736705866,84,28
1736705866,120,160
1736705867,111,90
1736705868,50,102
1736705868,62,181
1736705869,65,19
1736705870,49,70
1736705870,111,96
1736705871,73,175
1736705872,70,126
1736705873,83,85
1736705873,110,71
1736705874,76,38
1736705875,63,160
1736705875,141,42
1736705876,35,61
1736705877,22,157
1736705877,51,88
1736705878,54,54
1736705879,121,43
1736705879,36,137
1736705880,92,138
1736705881,141,30
1736705881,10,30
1736705882,107,163
1736705883,101,183
1736705883,23,165
1736705884,88,98
1736705885,70,18
1736705885,148,32
1736705886,9,14
1736705887,100,63
1736705887,54,12
1736705888,24,136
1736705889,141,152
1736705889,84,185
1736705890,111,137
1736705891,85,191
1736705891,21,147
1736705892,124,56
1736705893,75,53
1736705893,39,108
1736705894,9,195
1736705895,141,79
1736705895,11,78
1736705896,138,176
1736705897,144,162
1736705897,95,54
1736705898,19,98
1736705899,20,186
1736705899,142,66
1736705900,38,77
1736705901,123,52
1736705901,66,182
1736705902,30,17
1736705903,84,149
1736705903,42,48
1736705904,74,48
1736705905,143,104
1736705905,126,131
1736705906,111,90
1736705907,103,100
1736705907,35,47
1736705908,71,95
1736705909,89,91
1736705909,134,77
1736705910,72,193
1736705911,104,106
1736705911,126,108
1736705912,75,146
1736705913,9,78
1736705913,134,168
1736705914,10,178
1736705915,5,78
1736705915,46,51
1736705916,20,182
1736705917,12,30
1736705917,48,48
1736705918,84,23
1736705919,74,43
1736705919,40,144
1736705920,131,81
1736705921,16,154
1736705921,119,88
1736705922,10,126
1736705923,107,166
1736705923,71,46
1736705924,94,89
1736705925,74,197
1736705925,118,150
1736705926,144,44
1736705927,120,200
1736705927,148,29
1736705928,19,69
1736705929,6,26
1736705929,5,58
1736705930,113,186
1736705931,21,164
1736705931,31,80
1736705932,74,78
1736705933,62,21
1736705933,33,59
1736705934,23,137
1736705935,96,95
1736705935,7,74
1736705936,9,199
1736705937,75,177
1736705937,6,98
1736705938,7,57
1736705939,116,34
1736705939,24,173
1736705940,9,92
1736705941,34,115
1736705941,130,157
1736705942,48,106
1736705943,91,145
1736705943,125,91
1736705944,48,58
1736705945,45,38
1736705945,116,96
1736705946,146,144
1736705947,72,88
1736705947,73,89
1736705948,125,156
1736705949,127,22
1736705949,54,197
1736705950,145,170
1736705951,79,190
1736705951,134,187
1736705952,141,191
1736705953,41,35
1736705953,12,62
1736705954,41,195
1736705955,115,70
1736705955,144,180
1736705956,10,129
1736705957,25,170
1736705957,107,132
1736705958,98,81
1736705959,52,99
1736705959,110,43
1736705960,102,67
1736705961,136,185
1736705961,101,44
1736705962,49,29
1736705963,130,71
1736705963,84,131
1736705964,11,96
1736705965,127,161
1736705965,142,164
1736705966,60,56
1736705967,43,93
1736705967,80,148
1736705968,13,51
1736705969,125,16
1736705969,61,86
1736705970,69,145
1736705971,127,19
1736705971,107,36
1736705972,131,110
1736705973,21,46
1736705973,25,95
1736705974,87,94
1736705975,21,60
1736705975,108,75
1736705976,63,133
1736705977,65,92
1736705977,110,135
1736705978,95,42
1736705979,53,40
1736705979,140,120
1736705980,149,137
1736705981,51,81
1736705981,86,58
1736705982,102,36
1736705983,74,178
1736705983,84,56
1736705984,114,179
1736705985,41,47
1736705985,145,134
1736705986,15,24
1736705987,76,57
1736705987,75,52
1736705988,104,31
1736705989,11,106
1736705989,68,166
1736705990,86,110
1736705991,90,163
1736705992,84,183
1736705992,105,46
1736705993,130,25
1736705994,78,68
1736705994,85,103
1736705995,99,156
1736705996,58,35
1736705996,81,118
1736705997,25,103
1736705998,91,101
1736705998,65,108
1736705999,15,87
1736706000,84,71
1736706000,68,65
1736706001,76,163
1736706002,21,34
1736706002,91,191
1736706003,5,120
1736706004,112,45
1736706004,102,92
1736706005,95,57
1736706006,124,62
1736706006,115,124
1736706007,15,116
1736706008,143,20
1736706008,49,184
1736706009,8,34
1736706010,64,199
1736706010,25,62
1736706011,60,65
1736706012,9,161
1736706012,31,177
1736706013,107,148
1736706014,131,67
1736706014,117,179
1736706015,134,51
1736706016,141,36
1736706016,33,144
1736706017,15,10
1736706018,82,59
1736706018,143,152
1736706019,19,63
1736706020,69,28
1736706020,45,45
1736706021,68,114
1736706022,143,148
1736706022,100,85
1736706023,76,125
1736706024,138,104
1736706024,85,60
1736706025,102,35
1736706026,59,85
1736706026,109,79
1736706027,96,188
1736706028,5,73
1736706028,7,146
1736706029,42,115
1736706030,111,114
1736706030,75,135
1736706031,33,101
1736706032,35,22
1736706032,70,129
1736706033,21,41
1736706034,107,62
1736706034,36,177
1736706035,47,156
1736706036,92,96
1736706036,16,112
1736706037,119,101
1736706038,104,47
1736706038,41,135
1736706039,40,38
1736706040,146,19
1736706040,133,28
1736706041,83,76
1736706042,42,67
1736706042,114,94
1736706043,79,90
1736706044,22,36
1736706044,71,90
1736706045,105,125
1736706046,116,117
1736706046,72,112
1736706047,38,137
1736706048,150,90
1736706048,106,164
1736706049,105,79
1736706050,129,111
1736706050,102,199
1736706051,100,137
1736706052,73,138
1736706052,43,51
1736706053,74,114
1736706054,75,56
1736706054,118,60
1736706055,108,51
1736706056,33,62
1736706056,34,119
1736706057,132,150
1736706058,105,128
1736706058,98,132
1736706059,118,134
1736706060,25,148
1736706060,14,149
1736706061,5,199
1736706062,76,195
1736706062,35,15
1736706063,49,171
1736706064,65,109
1736706064,6,137
1736706065,41,86
1736706066,13,32
1736706066,113,168
1736706067,71,68
1736706068,9,163
1736706068,144,150
1736706069,114,196
1736706070,139,131
1736706070,7,171
1736706071,118,59
1736706072,93,16
1736706072,99,106
1736706073,28,183
1736706074,44,41
1736706074,19,22
1736706075,72,41
1736706076,70,163
1736706076,59,94
1736706077,65,153
1736706078,143,30
1736706078,66,196
1736706079,124,98
1736706080,50,29
1736706080,90,57
1736706081,47,80
1736706082,134,120
1736706082,77,13
1736706083,8,196
1736706084,131,134
1736706084,76,28
1736706085,32,194
1736706086,57,188
1736706086,22,33
1736706087,133,153
1736706088,41,65
1736706088,50,139
1736706089,39,48
1736706090,13,61
1736706090,82,118
1736706091,137,80
1736706092,93,143
1736706092,142,20
1736706093,135,48
1736706094,65,34
1736706094,46,111
1736706095,65,60
1736706096,148,170
1736706096,50,27
1736706097,119,83
1736706098,52,148
1736706098,66,11
1736706099,119,193
1736706100,21,24
1736706100,123,45
1736706101,122,162
1736706102,30,143
1736706102,44,165
1736706103,144,67
1736706104,101,25
1736706104,106,19
1736706105,95,168
1736706106,105,48
1736706106,5,98
1736706107,136,68
1736706108,68,62
1736706108,76,138
1736706109,90,160
1736706110,46,78
1736706110,18,179
1736706111,36,41
1736706112,149,79
1736706113,85,131
1736706113,115,29
1736706114,101,42
1736706115,81,82
1736706115,40,140
1736706116,149,181
1736706117,10,18
1736706117,38,19
1736706118,127,93
1736706119,71,23
1736706119,31,180
1736706120,35,89
1736706121,63,198
1736706121,70,197
1736706122,126,76
1736706123,32,166
1736706123,114,122
1736706124,145,131
1736706125,31,15
1736706125,35,19
1736706126,115,136
1736706127,83,19
1736706127,124,102
1736706128,82,21
1736706129,58,71
1736706129,101,170
1736706130,38,136
1736706131,138,155
1736706131,67,21
1736706132,59,70
1736706133,5,164
1736706133,105,122
1736706134,55,22
1736706135,82,108
1736706135,87,88
1736706136,59,91
1736706137,149,108
1736706137,34,39
1736706138,116,101
1736706139,30,16
1736706139,131,190
1736706140,8,98
1736706141,8,47
1736706141,43,94
1736706142,49,95
1736706143,40,83
1736706143,136,96
1736706144,35,94
1736706145,9,25
1736706145,103,36
1736706146,93,24
1736706147,72,98
1736706147,102,163
1736706148,65,109
1736706149,139,121
1736706149,49,196
1736706150,107,107
1736706151,108,11
1736706151,127,19
1736706152,28,161
1736706153,133,108
1736706153,31,148
1736706154,80,62
1736706155,10,97
1736706155,92,170
1736706156,22,92
1736706157,139,40
1736706157,130,184
1736706158,150,140
1736706159,10,147
1736706159,57,63
1736706160,22,74
1736706161,149,187
1736706161,90,109
1736706162,77,126
1736706163,20,182
1736706163,147,131
1736706164,142,21
1736706165,124,40
1736706165,128,42
1736706166,112,176
1736706167,93,83
1736706167,75,138
1736706168,93,47
1736706169,89,184
1736706169,42,10
1736706170,16,164
1736706171,53,155
1736706171,116,167
1736706172,141,119
1736706173,24,25
1736706173,77,87
1736706174,85,91
1736706175,126,70
1736706175,147,170
1736706176,21,192
1736706177,48,88
1736706177,92,162
1736706178,128,153
1736706179,50,17
1736706179,70,200
1736706180,148,190
1736706181,8,65
1736706181,120,171
1736706182,121,183
1736706183,79,184
1736706183,37,107
1736706184,69,149
1736706185,130,99
1736706185,130,164
1736706186,32,182
1736706187,129,24
1736706187,14,78
1736706188,69,162
1736706189,150,78
1736706189,101,199
1736706190,106,197
1736706191,55,56
1736706191,37,59
1736706192,37,30
1736706193,53,58
1736706193,135,72
1736706194,107,93
1736706195,55,155
1736706195,93,166
1736706196,59,67
1736706197,86,187
1736706197,85,146
1736706198,14,16
1736706199,54,146
1736706199,53,196
1736706200,92,54
1736706201,109,174
1736706201,131,156
1736706202,9,94
1736706203,85,178
1736706203,37,190
1736706204,70,143
1736706205,147,69
1736706205,84,172
1736706206,58,133
1736706207,52,112
1736706207,9,28
1736706208,73,148
1736706209,46,38
1736706209,25,10
1736706210,54,30
1736706211,46,28
1736706211,77,108
1736706212,102,160
1736706213,47,198
1736706213,121,47
1736706214,68,37
1736706215,7,22
1736706215,122,47
1736706216,84,82
1736706217,22,120
1736706217,27,63
1736706218,39,170
1736706219,31,45
1736706219,43,166
1736706220,134,172
1736706221,44,172
1736706221,105,55
1736706222,132,101
1736706223,119,133
1736706223,49,23
1736706224,59,86
1736706225,28,30
1736706225,19,100
1736706226,64,47
1736706227,107,31
1736706227,9,30
1736706228,97,175
1736706229,106,51
1736706229,104,146
1736706230,105,124
1736706231,106,79
1736706231,43,100
1736706232,89,121
1736706233,53,65
1736706234,128,52
1736706234,50,24
1736706235,147,72
1736706236,44,20
1736706236,94,34
1736706237,118,26
1736706238,30,33
1736706238,88,87
1736706239,12,16
1736706240,124,93
1736706240,85,40
1736706241,45,135
1736706242,149,171
1736706242,98,75
1736706243,31,77
1736706244,32,94
1736706244,113,55
1736706245,145,135
1736706246,45,39
1736706246,57,129
1736706247,17,81
1736706248,97,197
1736706248,32,21
1736706249,38,184
1736706250,81,28
1736706250,105,40
1736706251,144,173
1736706252,60,77
1736706252,67,142
1736706253,73,11
1736706254,103,190
1736706254,95,173
1736706255,74,195
1736706256,64,41
1736706256,105,118
1736706257,74,62
1736706258,88,183
1736706258,58,174
1736706259,45,130
1736706260,60,12
1736706260,78,69
1736706261,59,178
1736706262,91,139
1736706262,128,70
1736706263,90,48
1736706264,51,148
1736706264,50,75
1736706265,18,54
1736706266,54,58
1736706266,119,24
1736706267,11,191
1736706268,68,40
1736706268,137,127
1736706269,137,78
1736706270,85,192
1736706270,127,152
1736706271,101,27
1736706272,78,199
1736706272,11,142
1736706273,64,133
1736706274,126,36
1736706274,81,138
1736706275,35,63
1736706276,46,15
1736706276,118,37
1736706277,69,39
1736706278,146,167
1736706278,110,112
1736706279,8,137
1736706280,129,132
1736706280,27,167
1736706281,99,157
1736706282,121,185
1736706282,120,163
1736706283,53,31
1736706284,23,14
1736706284,102,198
1736706285,69,114
1736706286,10,164
1736706286,89,116
1736706287,123,68
1736706288,113,105
1736706288,56,147
1736706289,93,43
1736706290,145,71
1736706290,22,132
1736706291,133,150
1736706292,124,157
1736706292,43,97
1736706293,43,156
1736706294,64,61
1736706294,99,161
1736706295,93,116
1736706296,72,145
1736706296,122,159
1736706297,78,29
1736706298,37,141
1736706298,17,48
1736706299,42,52
1736706300,122,62
1736706300,133,103
1736706301,115,74
1736706302,146,40
1736706302,104,52
1736706303,49,151
1736706304,75,135
1736706304,69,168
1736706305,148,138
1736706306,48,142
1736706306,52,44
1736706307,98,53
1736706308,115,80
1736706308,43,27
1736706309,52,28
1736706310,114,50
1736706310,49,177
1736706311,41,14
1736706312,61,104
1736706312,43,118
1736706313,68,19
1736706314,124,98
1736706314,118,59
1736706315,114,148
1736706316,104,39
1736706316,25,155
1736706317,150,27
1736706318,101,57
1736706318,16,28
1736706319,63,197
1736706320,56,160
1736706320,36,27
1736706321,112,112
1736706322,75,169
1736706322,75,89
1736706323,106,140
1736706324,120,129
1736706324,102,102
1736706325,43,149
1736706326,79,82
1736706326,9,130
1736706327,56,108
1736706328,95,122
1736706328,11,140
1736706329,37,64
1736706330,27,177
1736706330,15,41
1736706331,15,188
1736706332,72,159
1736706332,131,124
1736706333,10,120
1736706334,17,182
1736706334,50,107
1736706335,30,11
1736706336,138,179
1736706336,54,170
1736706337,48,179
1736706338,7,146
1736706338,133,58
1736706339,97,19
1736706340,136,120
1736706340,134,96
1736706341,15,184
1736706342,7,184
1736706342,59,105
1736706343,147,93
1736706344,42,187
1736706344,147,11
1736706345,147,42
1736706346,8,194
1736706346,75,15
1736706347,32,168
1736706348,52,14
1736706348,84,148
1736706349,142,61
1736706350,95,177
1736706350,65,94
1736706351,134,166
1736706352,38,37
1736706352,92,42
1736706353,134,37
1736706354,145,45
1736706354,114,120
1736706355,13,188
1736706356,131,130
1736706357,59,52
1736706357,49,46
1736706358,33,117
1736706359,95,160
1736706359,9,41
1736706360,111,150
1736706361,125,135
1736706361,149,79
1736706362,88,101
1736706363,81,10
1736706363,59,57
1736706364,120,148
1736706365,60,187
1736706365,116,121
1736706366,35,88
1736706367,64,138
1736706367,147,28
1736706368,5,37
1736706369,100,26
1736706369,7,110
1736706370,122,107
1736706371,117,40
1736706371,149,137
1736706372,28,193
1736706373,36,149
1736706373,43,99
1736706374,129,142
1736706375,65,107
1736706375,122,32
1736706376,119,146
1736706377,45,66
1736706377,135,79
1736706378,114,181
1736706379,144,138
1736706379,77,17
1736706380,150,130
1736706381,36,193
1736706381,59,11
1736706382,45,106
1736706383,134,164
1736706383,67,143
1736706384,72,45
1736706385,35,197
1736706385,129,43
1736706386,100,138
1736706387,83,131
1736706387,46,94
1736706388,117,136
1736706389,102,71
1736706389,136,55
1736706390,49,77
1736706391,66,133
1736706391,97,200
1736706392,25,91
1736706393,110,156
1736706393,28,18
1736706394,103,195
1736706395,105,195
1736706395,15,71
1736706396,91,169
1736706397,48,172
1736706397,63,57
1736706398,19,17
1736706399,116,189
1736706399,142,193
1736706400,110,64
1736706401,63,178
1736706401,129,130
1736706402,92,82
1736706403,70,172
1736706403,132,158
1736706404,78,125
1736706405,39,126
1736706405,54,107
1736706406,23,77
1736706407,98,65
1736706407,112,67
1736706408,144,90
1736706409,82,67
1736706409,113,93
1736706410,134,60
1736706411,43,43
1736706411,38,28
1736706412,122,37
1736706413,32,59
1736706413,63,31
1736706414,49,110
1736706415,78,160
1736706415,84,121
1736706416,139,77
1736706417,123,19
1736706417,121,51
1736706418,111,75
1736706419,24,24
1736706419,78,95
1736706420,52,157
1736706421,10,149
1736706421,129,80
1736706422,119,60
1736706423,17,105
1736706423,51,192
1736706424,112,120
1736706425,63,59
1736706425,19,76
1736706426,59,175
1736706427,35,42
1736706427,69,110
1736706428,73,68
1736706429,21,165
1736706429,53,17
1736706430,20,177
1736706431,28,69
1736706431,8,28
1736706432,18,25
1736706433,19,186
1736706433,62,148
1736706434,74,158
1736706435,5,174
1736706435,145,135
1736706436,146,184
1736706437,24,11
1736706437,101,106
1736706438,118,175
1736706439,143,165
1736706439,46,200
1736706440,65,116
1736706441,102,170
1736706441,121,37
1736706442,62,132
1736706443,31,150
1736706443,119,152
1736706444,77,100
1736706445,148,184
1736706445,128,66
1736706446,99,146
1736706447,76,18
1736706447,87,178
1736706448,73,73
1736706449,58,196
1736706449,140,21
1736706450,127,58
1736706451,76,170
1736706451,16,48
1736706452,18,197
1736706453,27,143
1736706453,77,93
1736706454,55,114
1736706455,85,114
1736706455,25,32
1736706456,112,180
1736706457,76,51
1736706457,115,47
1736706458,83,147
1736706459,84,86
1736706459,101,26
1736706460,129,103
1736706461,23,92
1736706461,138,107
1736706462,124,81
1736706463,79,125
1736706463,7,145
1736706464,59,186
1736706465,88,117
1736706465,6,170
1736706466,139,171
1736706467,48,125
1736706467,50,30
1736706468,111,37
1736706469,29,144
1736706469,149,107
1736706470,77,128
1736706471,119,62
1736706471,136,175
1736706472,7,137
1736706473,33,35
1736706473,71,145
1736706474,59,187
1736706475,100,11
1736706475,91,153
1736706476,55,158
1736706477,133,40
1736706477,59,84
1736706478,5,10
1736706479,135,122
1736706480,109,151
1736706480,99,43
1736706481,10,14
1736706482,69,175
1736706482,59,183
1736706483,5,152
1736706484,61,36
1736706484,76,136
1736706485,55,170
1736706486,41,70
1736706486,122,61
1736706487,75,130
1736706488,77,94
1736706488,85,122
1736706489,28,18
1736706490,65,105
1736706490,65,136
1736706491,6,193
1736706492,77,171
1736706492,42,153
1736706493,123,55
1736706494,89,32
1736706494,123,194
1736706495,108,24
1736706496,97,48
1736706496,6,177
1736706497,73,40
1736706498,67,177
1736706498,42,50
1736706499,27,31
1736706500,115,25
1736706500,14,147
1736706501,98,50
1736706502,87,113
1736706502,44,15
1736706503,95,132
1736706504,149,149
1736706504,36,99
1736706505,133,93
1736706506,25,113
1736706506,17,156
1736706507,61,152
1736706508,74,144
1736706508,36,25
1736706509,69,166
1736706510,14,56
1736706510,46,154
1736706511,9,137
1736706512,116,85
1736706512,13,162
1736706513,53,115
1736706514,20,13
1736706514,112,35
1736706515,90,184
1736706516,23,83
1736706516,8,177
1736706517,5,182
1736706518,84,50
1736706518,92,95
1736706519,122,146
1736706520,58,184
1736706520,143,142
1736706521,80,28
1736706522,41,64
1736706522,150,149
1736706523,56,174
1736706524,20,128
1736706524,144,52
1736706525,102,32
1736706526,43,99
1736706526,123,182
1736706527,147,182
1736706528,131,183
1736706528,117,53
1736706529,90,40
1736706530,92,114
1736706530,28,100
1736706531,101,171
1736706532,56,101
1736706532,64,191
1736706533,5,135
1736706534,117,76
1736706534,128,142
1736706535,140,57
1736706536,58,128
1736706536,75,20
1736706537,15,32
1736706538,133,14
1736706538,134,98
1736706539,73,61
1736706540,76,83
1736706540,64,117
1736706541,45,163
1736706542,26,98
1736706542,127,31
1736706543,103,87
1736706544,138,164
1736706544,81,85
1736706545,122,63
1736706546,149,170
1736706546,30,145
1736706547,93,120
1736706548,64,148
1736706548,99,193
1736706549,48,129
1736706550,125,112
1736706550,118,98
1736706551,92,19
1736706552,146,136
1736706552,12,184
1736706553,89,107
1736706554,103,48
1736706554,89,142
1736706555,117,72
1736706556,41,27
1736706556,73,18
1736706557,21,194
1736706558,141,46
1736706558,68,166
1736706559,65,181
1736706560,12,91
1736706560,149,167
1736706561,110,34
1736706562,23,72
1736706562,24,131
1736706563,113,19
1736706564,123,48
1736706564,86,101
1736706565,8,150
1736706566,127,75
1736706566,99,110
1736706567,46,102
1736706568,28,170
1736706568,65,37
1736706569,96,37
1736706570,29,14
1736706570,129,157
1736706571,69,36
1736706572,76,57
1736706572,23,22
1736706573,118,138
1736706574,103,18
1736706574,105,26
1736706575,80,108
1736706576,59,32
1736706576,35,152
1736706577,86,73
1736706578,14,38
1736706578,64,25
1736706579,27,56
1736706580,106,156
1736706580,34,85
1736706581,7,128
1736706582,122,158
1736706582,30,94
1736706583,45,155
1736706584,59,41
1736706584,111,136
1736706585,86,69
1736706586,35,67
1736706586,101,75
1736706587,33,197
1736706588,99,21
1736706588,44,181
1736706589,101,147
1736706590,111,19
1736706590,79,119
1736706591,139,110
1736706592,68,180
1736706592,113,46
1736706593,123,131
1736706594,129,71
1736706594,58,122
1736706595,106,121
1736706596,70,51
1736706596,32,72
1736706597,128,116
1736706598,24,80
1736706598,59,133
1736706599,44,66
1736706600,24,85
1736706600,110,74
1736706601,99,165
1736706602,119,18
1736706603,18,43
1736706603,39,125
1736706604,55,194
1736706605,95,173
1736706605,34,143
1736706606,44,186
1736706607,12,82
1736706607,93,101
1736706608,34,110
1736706609,31,21
1736706609,146,11
1736706610,114,137
1736706611,112,68
1736706611,11,125
1736706612,37,113
1736706613,7,182
1736706613,78,121
1736706614,99,165
1736706615,25,181
1736706615,39,167
1736706616,81,50
1736706617,10,90
1736706617,55,96
1736706618,59,79
1736706619,149,91
1736706619,135,122
1736706620,117,94
1736706621,89,145
1736706621,7,177
1736706622,94,138
1736706623,95,54
1736706623,103,87
1736706624,42,162
1736706625,137,147
1736706625,65,133
1736706626,13,169
1736706627,149,38
1736706627,132,112
1736706628,96,63
1736706629,106,111
1736706629,89,119
1736706630,140,179
1736706631,29,89
1736706631,48,49
1736706632,132,187
1736706633,84,156
1736706633,133,167
1736706634,134,163
1736706635,63,128
1736706635,42,136
1736706636,38,101
1736706637,93,51
1736706637,93,105
1736706638,19,41
1736706639,62,92
1736706639,36,64
1736706640,122,142
1736706641,135,70
1736706641,119,138
1736706642,23,152
1736706643,70,74
1736706643,58,173
1736706644,60,129
1736706645,139,89
1736706645,15,18
1736706646,118,68
1736706647,71,71
1736706647,131,87
1736706648,131,93
1736706649,57,116
1736706649,121,108
1736706650,98,73
1736706651,19,13
1736706651,79,161
1736706652,57,141
1736706653,70,158
1736706653,133,119
1736706654,59,41
1736706655,28,89
1736706655,129,146
1736706656,82,180
1736706657,115,98
1736706657,145,12
1736706658,48,72
1736706659,105,90
1736706659,33,137
1736706660,127,12
1736706661,140,164
1736706661,107,37
1736706662,133,119
1736706663,99,170
1736706663,56,117
1736706664,61,158
1736706665,45,122
1736706665,114,163
1736706666,105,17
1736706667,86,52
1736706667,139,27
1736706668,141,135
1736706669,49,129
1736706669,74,193
1736706670,91,72
1736706671,115,13
1736706671,120,190
1736706672,128,86
1736706673,47,149
1736706673,23,99
1736706674,95,52
1736706675,139,29
1736706675,66,42
1736706676,138,97
1736706677,68,29
1736706677,31,85
1736706678,95,68
1736706679,40,200
1736706679,65,109
1736706680,101,146
1736706681,51,146
1736706681,26,24
1736706682,136,156
1736706683,39,15
1736706683,41,124
1736706684,34,77
1736706685,135,161
1736706685,138,109
1736706686,65,102
1736706687,117,73
1736706687,70,38
1736706688,42,191
1736706689,19,125
1736706689,68,128
1736706690,93,89
1736706691,11,37
1736706691,147,184
1736706692,54,53
1736706693,71,51
1736706693,128,58
1736706694,17,163
1736706695,70,115
1736706695,52,34
1736706696,79,167
1736706697,52,142
1736706697,140,179
1736706698,64,10
1736706699,44,198
1736706699,143,15
1736706700,123,94
1736706701,18,70
1736706701,119,170
1736706702,74,184
1736706703,106,81
1736706703,16,106
1736706704,133,52
1736706705,19,168
1736706705,32,192
1736706706,90,85
1736706707,79,45
1736706707,57,50
1736706708,111,70
1736706709,11,166
1736706709,52,60
1736706710,131,185
1736706711,55,75
1736706711,80,18
1736706712,126,56
1736706713,84,121
1736706713,27,128
1736706714,50,51
1736706715,78,12
1736706715,115,14
1736706716,79,36
1736706717,110,42
1736706717,39,74
1736706718,16,14
1736706719,7,152
1736706719,93,59
1736706720,130,102
1736706721,88,18
1736706721,101,19
1736706722,58,196
1736706723,84,87
1736706723,88,158
1736706724,77,131
1736706725,127,148
1736706726,94,175
1736706726,115,200
1736706727,7,136
1736706728,84,22
1736706728,142,40
1736706729,75,129
1736706730,75,104
1736706730,119,77
1736706731,85,148
1736706732,48,13
1736706732,25,61
1736706733,112,15
1736706734,69,94
1736706734,40,93
1736706735,77,151
1736706736,74,141
1736706736,61,94
1736706737,60,158
1736706738,41,32
1736706738,61,94
1736706739,102,155
1736706740,148,45
1736706740,62,160
1736706741,117,43
1736706742,18,61
1736706742,5,157
1736706743,67,159
1736706744,109,22
1736706744,109,65
1736706745,78,174
1736706746,12,107
1736706746,29,44
1736706747,128,31
1736706748,115,135
1736706748,12,31
1736706749,63,74
1736706750,69,94
1736706750,85,77
1736706751,75,41
1736706752,86,165
1736706752,37,126
1736706753,13,51
1736706754,127,169
1736706754,69,194
1736706755,69,58
1736706756,59,75
1736706756,150,106
1736706757,40,22
1736706758,72,122
1736706758,124,144
1736706759,86,109
1736706760,31,14
1736706760,117,53
1736706761,12,110
1736706762,107,169
1736706762,75,98
1736706763,52,131
1736706764,55,83
1736706764,82,78
1736706765,13,67
1736706766,133,92
1736706766,136,179
1736706767,60,42
1736706768,32,82
1736706768,116,23
1736706769,8,71
1736706770,97,168
1736706770,138,99
1736706771,8,142
1736706772,102,160
1736706772,43,109
1736706773,76,143
1736706774,118,149
1736706774,29,40
1736706775,29,76
1736706776,49,145
1736706776,137,20
1736706777,89,129
1736706778,107,75
1736706778,135,44
1736706779,51,133
1736706780,144,44
1736706780,69,57
1736706781,145,22
1736706782,44,127
1736706782,86,67
1736706783,37,116
1736706784,7,75
1736706784,18,114
1736706785,59,41
1736706786,119,78
1736706786,5,117
1736706787,43,102
1736706788,29,155
1736706788,88,107
1736706789,11,180
1736706790,133,185
1736706790,105,99
1736706791,44,64
1736706792,107,140
1736706792,84,194
1736706793,35,74
1736706794,121,32
1736706794,32,140
1736706795,58,147
1736706796,90,116
1736706796,71,168
1736706797,44,124
1736706798,145,179
1736706798,14,30
1736706799,46,13
1736706800,130,136
1736706800,97,34
1736706801,100,67
1736706802,118,100
1736706802,28,70
1736706803,20,102
1736706804,82,73
1736706804,67,29
1736706805,123,13
1736706806,50,37
1736706806,80,131
1736706807,100,31
1736706808,21,160
1736706808,5,124
1736706809,134,37
1736706810,5,114
1736706810,100,20
1736706811,13,144
1736706812,68,111
1736706812,80,135
1736706813,59,45
1736706814,11,63
1736706814,143,200
1736706815,35,83
1736706816,82,66
1736706816,76,151
1736706817,31,40
1736706818,48,36
1736706818,55,37
1736706819,150,145
1736706820,99,186
1736706820,55,173
1736706821,142,160
1736706822,62,134
1736706822,104,108
1736706823,57,134
1736706824,100,38
1736706824,68,148
1736706825,42,200
1736706826,66,108
1736706826,125,88
1736706827,125,54
1736706828,147,49
1736706828,11,23
1736706829,16,134
1736706830,84,28
1736706830,21,30
1736706831,65,91
1736706832,21,116
1736706832,9,114
1736706833,82,188
1736706834,66,63
1736706834,61,173
1736706835,21,162
1736706836,107,93
1736706836,115,41
1736706837,45,24
1736706838,148,161
1736706838,70,18
1736706839,78,187
1736706840,58,164
1736706840,7,40
1736706841,123,30
1736706842,128,57
1736706842,101,96
1736706843,69,104
1736706844,91,167
1736706844,116,11
1736706845,29,12
1736706846,77,47
1736706846,87,59
1736706847,104,98
1736706848,14,30
1736706848,134,23
1736706849,36,162
1736706850,88,66
1736706851,57,98
1736706851,119,122
1736706852,149,52
1736706853,40,113
1736706853,71,50
1736706854,45,163
1736706855,45,194
1736706855,110,96
1736706856,110,128
1736706857,58,175
1736706857,109,101
1736706858,46,126
1736706859,34,79
1736706859,54,169
1736706860,79,34
1736706861,32,97
1736706861,95,136
1736706862,85,114
1736706863,89,162
1736706863,105,124
1736706864,122,21
1736706865,135,114
1736706865,77,99
1736706866,36,51
1736706867,83,126
1736706867,52,146
1736706868,40,153
1736706869,40,193
1736706869,150,41
1736706870,8,148
1736706871,46,10
1736706871,39,121
1736706872,58,113
1736706873,137,85
1736706873,144,179
1736706874,96,120
1736706875,123,82
1736706875,120,91
1736706876,23,169
1736706877,45,117
1736706877,98,151
1736706878,8,97
1736706879,141,196
1736706879,98,143
1736706880,64,113
1736706881,43,48
1736706881,21,147
1736706882,96,74
1736706883,102,12
1736706883,73,102
1736706884,66,14
1736706885,25,85
1736706885,43,110
1736706886,95,156
1736706887,42,84
1736706887,35,121
1736706888,46,62
1736706889,50,64
1736706889,69,90
1736706890,48,198
1736706891,50,144
1736706891,91,177
1736706892,48,102
1736706893,103,16
1736706893,115,62
1736706894,29,193
1736706895,23,100
1736706895,54,52
1736706896,150,75
1736706897,117,159
1736706897,39,81
1736706898,10,95
1736706899,141,135
1736706899,127,63
1736706900,37,138
1736706901,81,121
1736706901,127,130
1736706902,88,149
1736706903,6,47
1736706903,115,27
1736706904,73,112
1736706905,104,94
1736706905,87,164
1736706906,120,52
1736706907,7,121
1736706907,142,84
1736706908,115,31
1736706909,11,60
1736706909,65,59
1736706910,53,63
1736706911,112,167
1736706911,16,143
1736706912,93,44
1736706913,65,148
1736706913,11,43
1736706914,6,80
1736706915,131,167
1736706915,119,166
1736706916,31,127
1736706917,61,175
1736706917,71,70
1736706918,55,18
1736706919,114,70
1736706919,73,65
1736706920,139,121
1736706921,131,187
1736706921,68,32
1736706922,74,111
1736706923,133,57
1736706923,61,94
1736706924,118,97
1736706925,32,101
1736706925,59,159
1736706926,102,15
1736706927,104,10
1736706927,68,185
1736706928,133,15
1736706929,146,150
1736706929,72,174
1736706930,67,176
1736706931,150,179
1736706931,9,22
1736706932,114,72
1736706933,64,146
1736706933,25,173
1736706934,76,165
1736706935,80,54
1736706935,111,123
1736706936,66,69
1736706937,19,69
1736706937,120,182
1736706938,30,185
1736706939,95,131
1736706939,44,56
1736706940,102,97
1736706941,124,198
1736706941,115,46
1736706942,125,137
1736706943,45,198
1736706943,36,38
1736706944,94,76
1736706945,140,32
1736706945,128,197
1736706946,22,165
1736706947,121,132
1736706947,85,121
1736706948,83,65
1736706949,139,152
1736706949,119,198
1736706950,60,165
1736706951,121,195
1736706951,123,123
1736706952,90,103
1736706953,100,18
1736706953,52,167
1736706954,48,137
1736706955,131,144
1736706955,149,199
1736706956,93,11
1736706957,40,199
1736706957,42,182
1736706958,31,177
1736706959,111,76
1736706959,85,89
1736706960,60,73
1736706961,6,34
1736706961,102,67
1736706962,107,146
1736706963,11,123
1736706963,67,117
1736706964,82,121
1736706965,113,162
1736706965,127,79
1736706966,56,55
1736706967,31,199
1736706967,117,11
1736706968,20,182
1736706969,129,38
1736706969,91,94
1736706970,138,27
1736706971,147,129
1736706971,22,123
1736706972,125,21
1736706973,50,122
1736706974,66,39
1736706974,104,144
1736706975,77,118
1736706976,150,122
1736706976,129,115
1736706977,131,20
1736706978,9,190
1736706978,148,24
1736706979,62,162
1736706980,22,45
1736706980,97,127
1736706981,12,15
1736706982,99,69
1736706982,79,11
1736706983,147,80
1736706984,51,86
1736706984,34,22
1736706985,107,137
1736706986,7,81
1736706986,129,39
1736706987,136,89
1736706988,135,159
1736706988,142,130
1736706989,142,53
1736706990,115,81
1736706990,54,110
1736706991,77,48
1736706992,27,143
1736706992,130,48
1736706993,85,183
1736706994,5,132
1736706994,27,109
1736706995,86,58
1736706996,37,46
1736706996,16,190
1736706997,89,171
1736706998,113,16
1736706998,28,50
1736706999,30,26
1736707000,142,104
1736707000,83,76
1736707001,114,176
1736707002,77,43
1736707002,54,195
1736707003,110,126
1736707004,119,13
1736707004,33,130
1736707005,80,92
1736707006,65,52
1736707006,17,72
1736707007,47,53
1736707008,140,116
1736707008,39,74
1736707009,14,110
1736707010,15,73
1736707010,90,105
1736707011,95,65
1736707012,26,54
1736707012,93,183
1736707013,117,129
1736707014,150,14
1736707014,37,36
1736707015,115,195
1736707016,103,95
1736707016,43,185
1736707017,140,119
1736707018,98,159
1736707018,33,94
1736707019,133,119
1736707020,16,64
1736707020,74,20
1736707021,67,34
1736707022,15,45
1736707022,52,99
1736707023,90,96
1736707024,116,107
1736707024,61,133
1736707025,116,49
1736707026,34,11
1736707026,146,87
1736707027,37,166
1736707028,35,70
1736707028,66,120
1736707029,96,172
1736707030,63,90
1736707030,47,60
1736707031,56,102
1736707032,19,154
1736707032,123,172
1736707033,53,193
1736707034,36,101
1736707034,48,150
1736707035,70,97
1736707036,84,187
1736707036,66,18
1736707037,54,76
1736707038,87,158
1736707038,81,42
1736707039,108,62
1736707040,132,156
1736707040,7,50
1736707041,139,40
1736707042,107,97
1736707042,92,58
1736707043,82,170
1736707044,130,105
1736707044,49,151
1736707045,40,111
1736707046,25,88
1736707046,24,123
1736707047,107,139
1736707048,41,186
1736707048,87,45
1736707049,128,78
1736707050,67,19
1736707050,106,164
1736707051,6,127
1736707052,115,81
1736707052,139,40
1736707053,136,95
1736707054,42,25
1736707054,108,199
1736707055,14,106
1736707056,28,197
1736707056,148,104
1736707057,142,187
1736707058,55,24
1736707058,19,42
1736707059,87,155
1736707060,82,42
1736707060,41,119
1736707061,117,174
1736707062,18,160
1736707062,141,25
1736707063,46,95
1736707064,58,65
1736707064,42,85
1736707065,135,71
1736707066,6,63
1736707066,125,148
1736707067,77,194
1736707068,107,75
1736707068,141,21
1736707069,66,189
1736707070,115,84
1736707070,92,79
1736707071,129,12
1736707072,146,83
1736707072,29,129
1736707073,90,141
1736707074,77,158
1736707074,24,56
1736707075,41,25
1736707076,70,135
1736707076,25,97
1736707077,81,149
1736707078,30,88
1736707078,111,17
1736707079,35,68
1736707080,108,136
1736707080,38,131
1736707081,94,149
1736707082,81,21
1736707082,146,123
1736707083,21,89
1736707084,64,166
1736707084,63,144
1736707085,123,181
1736707086,111,139
1736707086,18,81
1736707087,123,150
1736707088,70,146
1736707088,137,41
1736707089,95,188
1736707090,118,20
1736707090,32,29
1736707091,50,114
1736707092,65,96
1736707092,40,106
1736707093,114,32
1736707094,72,161
1736707094,37,111
1736707095,128,11
1736707096,19,36
1736707096,48,82
1736707097,133,44
1736707098,87,103
1736707099,110,66
1736707099,41,181
1736707100,85,186
1736707101,53,111
1736707101,26,10
1736707102,6,99
1736707103,15,195
1736707103,94,92
1736707104,48,82
1736707105,42,167
1736707105,71,36
1736707106,141,24
1736707107,6,197
1736707107,145,97
1736707108,61,35
1736707109,125,90
1736707109,137,68
1736707110,96,139
1736707111,75,161
1736707111,138,27
1736707112,102,32
1736707113,141,50
1736707113,89,46
1736707114,130,51
1736707115,136,83
1736707115,111,66
1736707116,124,187
1736707117,67,92
1736707117,61,100
1736707118,67,47
1736707119,76,84
1736707119,135,66
1736707120,27,81
1736707121,109,146
1736707121,60,90
1736707122,143,143
1736707123,134,121
1736707123,5,36
1736707124,112,171
1736707125,7,176
1736707125,147,60
1736707126,53,112
1736707127,87,189
1736707127,38,176
1736707128,72,183
1736707129,109,121
1736707129,122,160
1736707130,106,94
1736707131,16,100
1736707131,39,73
1736707132,109,198
1736707133,77,99
1736707133,27,150
1736707134,49,54
1736707135,47,89
1736707135,6,59
1736707136,113,105
1736707137,125,167
1736707137,18,141
1736707138,76,156
1736707139,27,102
1736707139,145,186
1736707140,112,104
1736707141,109,13
1736707141,10,50
1736707142,91,142
1736707143,90,50
1736707143,149,60
1736707144,34,33
1736707145,54,140
1736707145,110,143
1736707146,43,97
1736707147,115,189
1736707147,143,41
1736707148,145,101
1736707149,12,69
1736707149,110,37
1736707150,50,20
1736707151,119,171
1736707151,72,121
1736707152,77,86
1736707153,13,134
1736707153,92,140
1736707154,70,188
1736707155,81,150
1736707155,143,29
1736707156,144,41
1736707157,126,72
1736707157,26,200
1736707158,119,200
1736707159,43,10
1736707159,147,170
1736707160,30,115
1736707161,134,40
1736707161,149,54
1736707162,24,60
1736707163,97,102
1736707163,66,23
1736707164,112,115
1736707165,86,137
1736707165,35,98
1736707166,33,173
1736707167,13,109
1736707167,95,46
1736707168,84,185
1736707169,107,39
1736707169,128,142
1736707170,26,15
1736707171,117,129
1736707171,65,68
1736707172,48,174
1736707173,58,142
1736707173,142,98
1736707174,118,19
1736707175,116,51
1736707175,78,160
1736707176,9,147
1736707177,41,178
1736707177,59,133
1736707178,124,36
1736707179,22,131
1736707179,26,82
1736707180,16,151
1736707181,121,47
1736707181,71,53
1736707182,144,189
1736707183,49,62
1736707183,41,150
1736707184,77,95
1736707185,142,108
1736707185,21,80
1736707186,124,12
1736707187,135,63
1736707187,32,112
1736707188,135,139
1736707189,82,198
1736707189,74,139
1736707190,135,16
1736707191,37,126
1736707191,44,42
1736707192,22,152
1736707193,125,75
1736707193,94,74
1736707194,52,97
1736707195,100,53
1736707195,47,128
1736707196,121,171
1736707197,94,63
1736707197,110,90
1736707198,120,103
1736707199,131,198
1736707199,38,118
1736707200,91,59
1736707201,102,86
1736707201,11,144
1736707202,49,93
1736707203,107,110
1736707203,71,15
1736707204,80,175
1736707205,26,144
1736707205,42,69
1736707206,88,13
1736707207,135,154
1736707207,32,55
1736707208,104,173
1736707209,112,48
1736707209,126,80
1736707210,102,117
1736707211,36,150
1736707211,60,141
1736707212,123,24
1736707213,143,115
1736707213,11,74
1736707214,122,12
1736707215,62,13
1736707215,102,39
1736707216,44,195
1736707217,145,131
1736707217,88,77
1736707218,55,63
1736707219,124,185
1736707219,65,90
1736707220,142,21
1736707221,27,30
1736707222,79,49
1736707222,29,53
1736707223,111,175
1736707224,138,73
1736707224,96,85
1736707225,130,136
1736707226,48,20
1736707226,106,148
1736707227,127,102
1736707228,90,32
1736707228,109,183
1736707229,84,49
1736707230,60,28
1736707230,71,111
1736707231,57,73
1736707232,38,82
1736707232,36,100
1736707233,114,111
1736707234,48,127
1736707234,61,169
1736707235,100,167
1736707236,105,84
1736707236,140,119
1736707237,82,127
1736707238,84,155
1736707238,71,184
1736707239,32,32
1736707240,85,70
1736707240,64,92
1736707241,78,97
1736707242,112,62
1736707242,123,109
1736707243,70,48
1736707244,110,86
1736707244,116,185
1736707245,65,177
1736707246,66,177
1736707246,78,22
1736707247,34,62
1736707248,101,48
1736707248,96,48
1736707249,57,145
1736707250,126,182
1736707250,126,159
1736707251,106,106
1736707252,57,62
1736707252,144,23
1736707253,76,177
1736707254,94,142
1736707254,120,24
1736707255,26,93
1736707256,54,118
1736707256,76,144
1736707257,127,153
1736707258,47,153
1736707258,134,183
1736707259,96,22
1736707260,40,67
1736707260,86,157
1736707261,134,185
1736707262,97,42
1736707262,116,25
1736707263,140,171
1736707264,75,79
1736707264,37,86
1736707265,121,21
1736707266,5,156
1736707266,82,165
1736707267,37,56
1736707268,10,162
1736707268,65,129
1736707269,96,22
1736707270,15,52
1736707270,55,103
1736707271,68,122
1736707272,12,46
1736707272,80,150
1736707273,35,12
1736707274,64,41
1736707274,42,66
1736707275,97,26
1736707276,146,11
1736707276,83,16
1736707277,121,25
1736707278,38,157
1736707278,90,68
1736707279,23,188
1736707280,13,192
1736707280,20,178
1736707281,17,127
1736707282,15,140
1736707282,36,199
1736707283,41,138
1736707284,91,16
1736707284,49,36
1736707285,126,60
1736707286,8,54
1736707286,130,116
1736707287,63,67
1736707288,136,197
1736707288,27,156
1736707289,113,79
1736707290,148,148
1736707290,44,75
1736707291,91,186
1736707292,34,155
1736707292,97,181
1736707293,149,90
1736707294,62,75
1736707294,146,186
1736707295,126,67
1736707296,119,126
1736707296,136,181
1736707297,38,158
1736707298,150,125
1736707298,145,188
1736707299,10,137
1736707300,58,69
1736707300,74,81
1736707301,19,163
1736707302,29,53
1736707302,64,131
1736707303,76,22
1736707304,99,194
1736707304,76,62
1736707305,48,107
1736707306,110,153
1736707306,82,77
1736707307,71,96
1736707308,47,146
1736707308,101,109
1736707309,84,13
1736707310,31,150
1736707310,89,130
1736707311,100,117
1736707312,5,107
1736707312,12,67
1736707313,130,44
1736707314,107,165
1736707314,6,135
1736707315,111,81
1736707316,117,156
1736707316,87,74
1736707317,88,135
1736707318,31,124
1736707318,29,70
1736707319,128,71
1736707320,108,119
1736707320,25,19
1736707321,109,195
1736707322,85,61
1736707322,102,158
1736707323,75,137
1736707324,61,141
1736707324,25,121
1736707325,8,159
1736707326,114,169
1736707326,67,37
1736707327,54,129
1736707328,147,35
1736707328,108,20
1736707329,142,162
1736707330,83,54
1736707330,50,106
1736707331,8,195
1736707332,15,10
1736707332,24,125
1736707333,32,191
1736707334,92,67
1736707334,46,189
1736707335,149,155
1736707336,14,177
1736707336,132,75
1736707337,25,15
1736707338,12,75
1736707338,148,123
1736707339,69,118
1736707340,24,151
1736707340,40,108
1736707341,19,98
1736707342,42,182
1736707342,7,110
1736707343,116,31
1736707344,53,68
1736707345,142,99
1736707345,119,60
1736707346,60,52
1736707347,22,43
1736707347,33,195
1736707348,46,25
1736707349,103,159
1736707349,148,174
1736707350,26,17
1736707351,116,24
1736707351,123,164
1736707352,124,160
1736707353,135,77
1736707353,92,61
1736707354,7,58
1736707355,7,97
1736707355,94,93
1736707356,50,81
1736707357,70,62
1736707357,82,26
1736707358,27,110
1736707359,135,113
1736707359,57,60
1736707360,70,74
1736707361,65,166
1736707361,147,20
1736707362,63,55
1736707363,108,44
1736707363,107,89
1736707364,108,82
1736707365,12,143
1736707365,11,167
1736707366,30,80
1736707367,22,66
1736707367,6,139
1736707368,112,125
1736707369,9,199
1736707369,120,145
1736707370,110,129
1736707371,101,142
1736707371,98,134
1736707372,35,31
1736707373,51,152
1736707373,106,107
1736707374,34,153
1736707375,100,10
1736707375,116,133
1736707376,84,185
1736707377,144,114
1736707377,58,78
1736707378,66,172
1736707379,137,126
1736707379,5,186
1736707380,49,156
1736707381,37,162
1736707381,130,157
1736707382,96,102
1736707383,32,21
1736707383,89,141
1736707384,37,18
1736707385,70,187
1736707385,145,137
1736707386,128,194
1736707387,137,72
1736707387,10,121
1736707388,68,40
1736707389,100,158
1736707389,17,153
1736707390,18,114
1736707391,72,68
1736707391,99,53
1736707392,73,173
1736707393,62,18
1736707393,64,190
1736707394,74,23
1736707395,106,55
1736707395,30,197
1736707396,50,23
1736707397,73,31
1736707397,62,165
1736707398,81,73
1736707399,42,44
1736707399,144,126
1736707400,10,73
1736707401,51,37
1736707401,78,143
1736707402,113,12
1736707403,28,164
1736707403,146,14
1736707404,31,87
1736707405,55,32
1736707405,9,79
1736707406,62,47
1736707407,7,51
1736707407,147,66
1736707408,120,10
1736707409,141,139
1736707409,38,149
1736707410,122,108
1736707411,16,98
1736707411,89,182
1736707412,145,81
1736707413,48,142
1736707413,42,107
1736707414,101,87
1736707415,63,142
1736707415,34,34
1736707416,61,80
1736707417,79,84
1736707417,125,59
1736707418,104,178
1736707419,103,101
1736707419,8,174
1736707420,34,140
1736707421,48,83
1736707421,31,116
1736707422,138,191
1736707423,131,71
1736707423,103,177
1736707424,136,14
1736707425,131,95
1736707425,38,10
1736707426,29,155
1736707427,34,183
1736707427,133,115
1736707428,7,190
1736707429,71,178
1736707429,60,143
1736707430,72,25
1736707431,103,138
1736707431,36,116
1736707432,72,20
1736707433,46,119
1736707433,117,71
1736707434,43,107
1736707435,77,120
1736707435,131,152
1736707436,69,191
1736707437,32,42
1736707437,98,100
1736707438,65,71
1736707439,37,23
1736707439,18,175
1736707440,24,22
1736707441,101,46
1736707441,49,70
1736707442,87,116
1736707443,13,189
1736707443,69,46
1736707444,138,37
1736707445,51,24
1736707445,101,199
1736707446,22,53
1736707447,97,73
1736707447,107,169
1736707448,7,83
1736707449,64,83
1736707449,6,54
1736707450,82,129
1736707451,124,176
1736707451,6,31
1736707452,24,26
1736707453,39,147
1736707453,42,119
1736707454,143,131
1736707455,79,84
1736707455,136,153
1736707456,41,151
1736707457,61,81
1736707457,149,158
1736707458,34,79
1736707459,88,189
1736707459,22,69
1736707460,133,119
1736707461,123,188
1736707461,38,95
1736707462,73,14
1736707463,70,160
1736707463,55,190
1736707464,13,29
1736707465,15,89
1736707465,28,69
1736707466,45,51
1736707467,102,148
1736707468,5,52
1736707468,110,16
1736707469,150,62
1736707470,58,199
1736707470,57,42
1736707471,47,85
1736707472,118,34
1736707472,93,21
1736707473,71,29
1736707474,100,165
1736707474,149,171
1736707475,90,162
1736707476,50,114
1736707476,42,130
1736707477,5,131
1736707478,20,23
1736707478,54,58
1736707479,123,42
1736707480,90,187
1736707480,112,52
1736707481,84,66
1736707482,75,175
1736707482,57,91
1736707483,34,112
1736707484,83,32
1736707484,28,186
1736707485,63,142
1736707486,112,194
1736707486,83,161
1736707487,48,69
1736707488,140,48
1736707488,144,157
1736707489,22,58
1736707490,102,165
1736707490,110,37
1736707491,24,177
1736707492,139,68
1736707492,125,158
1736707493,37,78
1736707494,15,94
1736707494,16,137
1736707495,65,98
1736707496,70,49
1736707496,145,128
1736707497,137,24
1736707498,58,118
1736707498,25,93
1736707499,111,98
1736707500,97,108
1736707500,23,189
1736707501,83,123
1736707502,5,171
1736707502,23,191
1736707503,74,182
1736707504,102,52
1736707504,82,90
1736707505,56,85
1736707506,82,89
1736707506,52,158
1736707507,100,170
1736707508,68,30
1736707508,41,142
1736707509,72,125
1736707510,24,159
1736707510,121,152
1736707511,104,10
1736707512,21,160
1736707512,30,132
1736707513,143,57
1736707514,5,13
1736707514,58,78
1736707515,129,135
1736707516,30,18
1736707516,120,84
1736707517,27,22
1736707518,18,67
1736707518,98,15
1736707519,55,138
1736707520,121,17
1736707520,14,152
1736707521,73,42
1736707522,95,111
1736707522,38,118
1736707523,137,98
1736707524,18,24
1736707524,148,113
1736707525,86,65
1736707526,146,10
1736707526,135,80
1736707527,141,53
1736707528,35,134
1736707528,18,192
1736707529,143,78
1736707530,125,29
1736707530,59,195
1736707531,18,183
1736707532,114,95
1736707532,45,77
1736707533,149,87
1736707534,15,188
1736707534,112,124
1736707535,94,49
1736707536,94,157
1736707536,11,73
1736707537,22,37
1736707538,79,189
1736707538,117,23
1736707539,57,20
1736707540,144,51
1736707540,23,110
1736707541,148,93
1736707542,81,73
1736707542,53,33
1736707543,13,199
1736707544,12,108
1736707544,128,66
1736707545,112,60
1736707546,110,30
1736707546,71,102
1736707547,80,162
1736707548,61,166
1736707548,147,148
1736707549,50,128
1736707550,119,107
1736707550,11,145
1736707551,104,82
1736707552,26,95
1736707552,114,60
1736707553,97,106
1736707554,14,48
1736707554,24,55
1736707555,81,44
1736707556,27,167
1736707556,48,32
1736707557,73,63
1736707558,6,22
1736707558,109,160
1736707559,87,108
1736707560,114,20
1736707560,28,130
1736707561,56,72
1736707562,149,45
1736707562,29,16
1736707563,102,41
1736707564,146,74
1736707564,145,72
1736707565,55,16
1736707566,127,63
1736707566,20,58
1736707567,83,21
1736707568,148,31
1736707568,130,91
1736707569,85,87
1736707570,38,103
1736707570,74,145
1736707571,114,146
1736707572,88,197
1736707572,50,109
1736707573,70,197
1736707574,6,82
1736707574,98,90
1736707575,140,39
1736707576,141,154
1736707576,13,94
1736707577,131,191
1736707578,16,44
1736707578,100,158
1736707579,39,147
1736707580,54,151
1736707580,75,17
1736707581,147,156
1736707582,78,126
1736707582,110,159
1736707583,84,198
1736707584,55,157
1736707584,111,125
1736707585,79,12
1736707586,48,88
1736707586,143,191
1736707587,104,162
1736707588,119,66
1736707588,148,162
1736707589,91,44
1736707590,24,132
1736707591,141,36
1736707591,129,156
1736707592,80,196
1736707593,95,150
1736707593,48,197
1736707594,74,80
1736707595,28,44
1736707595,58,50
1736707596,77,166
1736707597,106,47
1736707597,53,96
1736707598,20,182
1736707599,73,126
1736707599,144,138
1736707600,48,93
1736707601,12,74
1736707601,9,37
1736707602,143,147
1736707603,23,118
1736707603,41,180
1736707604,62,59
1736707605,149,21
1736707605,97,13
1736707606,146,138
1736707607,77,23
1736707607,133,57
1736707608,115,81
1736707609,146,58
1736707609,81,15
1736707610,140,71
1736707611,74,92
1736707611,107,18
1736707612,63,56
1736707613,97,70
1736707613,93,22
1736707614,23,75
1736707615,113,63
1736707615,94,87
1736707616,57,113
1736707617,47,29
1736707617,50,117
1736707618,139,189
1736707619,57,154
1736707619,135,133
1736707620,125,75
1736707621,52,85
1736707621,143,178
1736707622,82,86
1736707623,29,29
1736707623,100,114
1736707624,85,155
1736707625,130,123
1736707625,46,98
1736707626,137,67
1736707627,145,171
1736707627,136,188
1736707628,19,89
1736707629,32,85
1736707629,130,193
1736707630,22,175
1736707631,126,108
1736707631,70,150
1736707632,137,19
1736707633,96,167
1736707633,128,182
1736707634,83,67
1736707635,10,150
1736707635,89,156
1736707636,53,200
1736707637,113,129
1736707637,16,105
1736707638,36,181
1736707639,85,182
1736707639,85,170
1736707640,75,173
1736707641,72,58
1736707641,65,96
1736707642,28,53
1736707643,87,109
1736707643,143,72
1736707644,60,185
1736707645,89,111
1736707645,132,188
1736707646,148,71
1736707647,121,31
1736707647,142,125
1736707648,113,161
1736707649,134,30
1736707649,138,116
1736707650,61,101
1736707651,97,62
1736707651,81,99
1736707652,132,57
1736707653,106,195
1736707653,144,84
1736707654,130,60
1736707655,39,92
1736707655,40,104
1736707656,122,92
1736707657,129,123
1736707657,62,187
1736707658,40,100
1736707659,36,199
1736707659,141,104
1736707660,74,189
1736707661,14,172
1736707661,79,174
1736707662,48,185
1736707663,25,111
1736707663,103,19
1736707664,15,89
1736707665,72,27
1736707665,124,181
1736707666,18,55
1736707667,32,73
1736707667,76,182
1736707668,118,45
1736707669,128,156
1736707669,33,97
1736707670,101,75
1736707671,63,75
1736707671,145,68
1736707672,95,158
1736707673,90,83
1736707673,45,31
1736707674,136,92
1736707675,30,60
1736707675,97,170
1736707676,89,142
1736707677,6,84
1736707677,122,126
1736707678,80,12
1736707679,103,79
1736707679,68,178
1736707680,87,48
1736707681,44,174
1736707681,140,129
1736707682,150,79
1736707683,42,200
1736707683,147,17
1736707684,142,163
1736707685,130,73
1736707685,125,66
1736707686,146,15
1736707687,134,197
1736707687,67,132
1736707688,133,120
1736707689,10,70
1736707689,150,147
1736707690,142,146
1736707691,38,55
1736707691,140,85
1736707692,56,115
1736707693,19,122
1736707693,128,132
1736707694,24,10
1736707695,126,83
1736707695,102,30
1736707696,117,175
1736707697,31,39
1736707697,145,188
1736707698,72,55
1736707699,97,131
1736707699,121,155
1736707700,51,102
1736707701,66,163
1736707701,14,182
1736707702,107,105
1736707703,46,39
1736707703,98,75
1736707704,140,63
1736707705,103,90
1736707705,29,171
1736707706,28,102
1736707707,56,141
1736707707,80,98
1736707708,140,163
1736707709,81,86
1736707709,36,39
1736707710,66,117
1736707711,108,28
1736707712,91,181
1736707712,28,116
1736707713,73,106
1736707714,60,145
1736707714,40,158
1736707715,60,200
1736707716,132,81
1736707716,25,123
1736707717,44,149
1736707718,68,115
1736707718,108,174
1736707719,123,158
1736707720,74,106
1736707720,106,79
1736707721,55,191
1736707722,128,40
1736707722,64,62
1736707723,59,84
1736707724,36,185
1736707724,63,72
1736707725,145,80
1736707726,84,48
1736707726,82,47
1736707727,59,40
1736707728,20,69
1736707728,42,68
1736707729,94,29
1736707730,103,156
1736707730,88,196
1736707731,145,126
1736707732,79,77
1736707732,127,105
1736707733,24,86
1736707734,11,157
1736707734,76,125
1736707735,130,68
1736707736,135,74
1736707736,88,47
1736707737,135,69
1736707738,149,152
1736707738,35,145
1736707739,79,169
1736707740,112,138
1736707740,102,75
1736707741,137,129
1736707742,43,58
1736707742,77,97
1736707743,103,138
1736707744,99,17
1736707744,38,47
1736707745,106,94
1736707746,18,154
1736707746,125,195
1736707747,84,91
1736707748,67,97
1736707748,5,32
1736707749,102,107
1736707750,29,135
1736707750,47,125
1736707751,117,47
1736707752,53,148
1736707752,11,23
1736707753,123,141
1736707754,72,97
1736707754,90,116
1736707755,95,73
1736707756,75,13
1736707756,85,125
1736707757,71,177
1736707758,6,112
1736707758,85,113
1736707759,30,193
1736707760,122,164
1736707760,132,86
1736707761,65,31
1736707762,45,167
1736707762,80,21
1736707763,85,181
1736707764,108,179
1736707764,11,132
1736707765,92,132
1736707766,129,50
1736707766,130,13
1736707767,129,129
1736707768,34,73
1736707768,149,65
1736707769,48,59
1736707770,103,127
1736707770,127,84
1736707771,67,171
1736707772,126,10
1736707772,74,188
1736707773,60,136
1736707774,100,128
1736707774,83,182
1736707775,146,168
1736707776,6,137
1736707776,139,94
1736707777,100,197
1736707778,18,32
1736707778,30,95
1736707779,40,129
1736707780,15,144
1736707780,69,164
1736707781,38,161
1736707782,87,192
1736707782,110,200
